id,label
1,elephant
2,elephant
3,elephant
4,elephant
5,elephant
6,elephant
7,elephant
8,elephant
9,elephant
10,elephant
11,elephant
12,elephant
13,elephant
14,elephant
15,elephant
16,elephant
17,elephant
18,elephant
19,elephant
20,elephant
21,elephant
22,elephant
23,elephant
24,elephant
25,elephant
26,elephant
27,elephant
28,elephant
29,elephant
30,elephant
31,elephant
32,elephant
33,elephant
34,elephant
35,elephant
36,elephant
37,elephant
38,elephant
39,elephant
40,elephant
41,elephant
42,elephant
43,elephant
44,elephant
45,elephant
46,elephant
47,elephant
48,elephant
49,elephant
50,elephant
51,elephant
52,elephant
53,elephant
54,elephant
55,elephant
56,elephant
57,elephant
58,elephant
59,elephant
60,elephant
61,elephant
62,elephant
63,elephant
64,elephant
65,elephant
66,elephant
67,elephant
68,elephant
69,elephant
70,elephant
71,elephant
72,elephant
73,elephant
74,elephant
75,elephant
76,elephant
77,elephant
78,elephant
79,elephant
80,elephant
81,elephant
82,elephant
83,elephant
84,elephant
85,elephant
86,elephant
87,elephant
88,elephant
89,elephant
90,elephant
91,elephant
92,elephant
93,elephant
94,elephant
95,elephant
96,elephant
97,elephant
98,elephant
99,elephant
100,elephant
101,elephant
102,elephant
103,elephant
104,elephant
105,elephant
106,elephant
107,elephant
108,elephant
109,elephant
110,elephant
111,elephant
112,elephant
113,elephant
114,elephant
115,elephant
116,elephant
117,elephant
118,elephant
119,elephant
120,elephant
121,elephant
122,elephant
123,elephant
124,elephant
125,elephant
126,elephant
127,elephant
128,elephant
129,elephant
130,elephant
131,elephant
132,elephant
133,elephant
134,elephant
135,elephant
136,elephant
137,elephant
138,elephant
139,elephant
140,elephant
141,elephant
142,elephant
143,elephant
144,elephant
145,elephant
146,elephant
147,elephant
148,elephant
149,elephant
150,elephant
151,elephant
152,elephant
153,elephant
154,elephant
155,elephant
156,elephant
157,elephant
158,elephant
159,elephant
160,elephant
161,elephant
162,elephant
163,elephant
164,elephant
165,elephant
166,elephant
167,elephant
168,elephant
169,elephant
170,elephant
171,elephant
172,elephant
173,elephant
174,elephant
175,elephant
176,elephant
177,elephant
178,elephant
179,elephant
180,elephant
181,elephant
182,elephant
183,elephant
184,elephant
185,elephant
186,elephant
187,elephant
188,elephant
189,elephant
190,elephant
191,elephant
192,elephant
193,elephant
194,elephant
195,elephant
196,elephant
197,elephant
198,elephant
199,elephant
200,elephant
201,elephant
202,elephant
203,elephant
204,elephant
205,elephant
206,elephant
207,elephant
208,elephant
209,elephant
210,elephant
211,elephant
212,elephant
213,elephant
214,elephant
215,elephant
216,elephant
217,elephant
218,elephant
219,elephant
220,elephant
221,elephant
222,elephant
223,elephant
224,elephant
225,elephant
226,elephant
227,elephant
228,elephant
229,elephant
230,elephant
231,elephant
232,elephant
233,elephant
234,elephant
235,elephant
236,elephant
237,elephant
238,elephant
239,elephant
240,elephant
241,elephant
242,elephant
243,elephant
244,elephant
245,elephant
246,elephant
247,elephant
248,elephant
249,elephant
250,elephant
251,elephant
252,elephant
253,elephant
254,elephant
255,elephant
256,elephant
257,elephant
258,elephant
259,elephant
260,elephant
261,elephant
262,elephant
263,elephant
264,elephant
265,elephant
266,elephant
267,elephant
268,elephant
269,elephant
270,elephant
271,elephant
272,elephant
273,elephant
274,elephant
275,elephant
276,elephant
277,elephant
278,elephant
279,elephant
280,elephant
281,elephant
282,elephant
283,elephant
284,elephant
285,elephant
286,elephant
287,elephant
288,elephant
289,elephant
290,elephant
291,elephant
292,elephant
293,elephant
294,elephant
295,elephant
296,elephant
297,elephant
298,elephant
299,elephant
300,elephant
301,elephant
302,elephant
303,elephant
304,elephant
305,elephant
306,elephant
307,elephant
308,elephant
309,elephant
310,elephant
311,elephant
312,elephant
313,elephant
314,elephant
315,elephant
316,elephant
317,elephant
318,elephant
319,elephant
320,elephant
321,elephant
322,elephant
323,elephant
324,elephant
325,elephant
326,elephant
327,elephant
328,elephant
329,elephant
330,elephant
331,elephant
332,elephant
333,elephant
334,elephant
335,elephant
336,elephant
337,elephant
338,elephant
339,elephant
340,elephant
341,elephant
342,elephant
343,elephant
344,elephant
345,elephant
346,elephant
347,elephant
348,elephant
349,elephant
350,elephant
351,elephant
352,elephant
353,elephant
354,elephant
355,elephant
356,elephant
357,elephant
358,elephant
359,elephant
360,elephant
361,elephant
362,elephant
363,elephant
364,elephant
365,elephant
366,elephant
367,elephant
368,elephant
369,elephant
370,elephant
371,elephant
372,elephant
373,elephant
374,elephant
375,elephant
376,elephant
377,elephant
378,elephant
379,elephant
380,elephant
381,elephant
382,elephant
383,elephant
384,elephant
385,elephant
386,elephant
387,elephant
388,elephant
389,elephant
390,elephant
391,elephant
392,elephant
393,elephant
394,elephant
395,elephant
396,elephant
397,elephant
398,elephant
399,elephant
400,elephant
401,elephant
402,elephant
403,elephant
404,elephant
405,elephant
406,elephant
407,elephant
408,elephant
409,elephant
410,elephant
411,elephant
412,elephant
413,elephant
414,elephant
415,elephant
416,elephant
417,elephant
418,elephant
419,elephant
420,elephant
421,elephant
422,elephant
423,elephant
424,elephant
425,elephant
426,elephant
427,elephant
428,elephant
429,elephant
430,elephant
431,elephant
432,elephant
433,elephant
434,elephant
435,elephant
436,elephant
437,elephant
438,elephant
439,elephant
440,elephant
441,elephant
442,elephant
443,elephant
444,elephant
445,elephant
446,elephant
447,elephant
448,elephant
449,elephant
450,elephant
451,elephant
